<?xml version = '1.0' encoding = 'UTF-8'?>
<Diagram class="oracle.dbtools.crest.swingui.relational.DPVRelational" name="folha_rh_snowflake" id="D47CA501-FBED-D3CE-F033-EAFFACCE2ED6">
<createdBy>thiago-notebook</createdBy>
<modifiedBy>thiago-notebook</modifiedBy>
<createdTime>2019-03-01 22:36:39 UTC</createdTime>
<autoRoute>false</autoRoute>
<boxInbox>true</boxInbox>
<showLegend>false</showLegend>
<showLabels>false</showLabels>
<showRelAttributes>false</showRelAttributes>
<gridEnabled>false</gridEnabled>
<showGrid>false</showGrid>
<diagramColor>-1</diagramColor>
<display>false</display>
<notation>1</notation>
</Diagram>