<?xml version = '1.0' encoding = 'UTF-8'?>
<FKIndexAssociation class="oracle.dbtools.crest.model.design.relational.FKIndexAssociation" directorySegmentName="seg_0" id="CB36D866-B1EB-39EC-F266-F91D6E9F6EA7" containerWithKeyObject="2983FD63-CA23-881F-E9B9-2276DCBE6704" localFKIndex="F371A47C-E250-EF4E-350F-F2AF8073918E" name="ART_FK_GRV">
<sourceConnName>tesunit</sourceConnName>
<sourceObjSchema>ABNEIDE</sourceObjSchema>
<sourceObjName>ART_FK_GRV</sourceObjName>
<createdBy>thiago_oliveira</createdBy>
<createdTime>2019-02-27 19:02:11 UTC</createdTime>
<generatorID>Gerado pelo usuário</generatorID>
<ownerDesignName>locadora</ownerDesignName>
<deleteRule>NO ACTION</deleteRule>
<referredTableID>0C6AB1B2-3A18-B6C2-B1E8-7A2384F57C37</referredTableID>
<keyObject>14950C0F-F88A-BF82-DE55-8E6A6E1B05F8</keyObject>
<referredKeyID>14950C0F-F88A-BF82-DE55-8E6A6E1B05F8</referredKeyID>
<mandatory>true</mandatory>
<transferable>true</transferable>
<rely>false</rely>
<columnDependencyConstraintGenerateInDDL>true</columnDependencyConstraintGenerateInDDL>
</FKIndexAssociation>