<?xml version = '1.0' encoding = 'UTF-8'?>
<FKIndexAssociation class="oracle.dbtools.crest.model.design.relational.FKIndexAssociation" directorySegmentName="seg_0" id="9642D3C5-DC12-7C41-0F94-072544F51D87" containerWithKeyObject="1B485CAD-9903-2C3E-0E53-A59AFC4B4F65" localFKIndex="4403885B-5D44-F204-C756-92876EAA0FB2" name="FT_LOCACOES_DM_GRAVADORA_FK">
<createdBy>thiago-notebook</createdBy>
<createdTime>2019-03-01 01:53:15 UTC</createdTime>
<ownerDesignName>locadora</ownerDesignName>
<deleteRule>NO ACTION</deleteRule>
<referredTableID>FF1E66D3-FF86-2A9A-59C2-D2C91AE9605B</referredTableID>
<keyObject>5FAE44AA-428A-9500-FC67-AFA4616FDE2E</keyObject>
<referredKeyID>5FAE44AA-428A-9500-FC67-AFA4616FDE2E</referredKeyID>
<mandatory>true</mandatory>
<transferable>true</transferable>
<rely>false</rely>
<columnDependencyConstraintGenerateInDDL>true</columnDependencyConstraintGenerateInDDL>
</FKIndexAssociation>