<?xml version = '1.0' encoding = 'UTF-8'?>
<FKIndexAssociation class="oracle.dbtools.crest.model.design.relational.FKIndexAssociation" directorySegmentName="seg_0" id="6C9091B2-9873-037B-3B47-795AFBAAC913" containerWithKeyObject="A0140E70-8606-EB71-E2B8-75AABDCF0E6F" localFKIndex="2574685D-0C30-F8A6-1045-E95C8D4CCCF8" name="itn_fk_not">
<sourceDDLFile>tabelas.plb</sourceDDLFile>
<createdBy>thiago-notebook</createdBy>
<createdTime>2019-03-08 20:21:04 UTC</createdTime>
<ownerDesignName>vendas</ownerDesignName>
<importedID>D718F0F4-FA2B-73D7-8AB9-A897828BC3AB</importedID>
<deleteRule>NO ACTION</deleteRule>
<referredTableID>C8CC3582-DC75-7D77-90C2-ABDD1BE531CD</referredTableID>
<keyObject>83B13E9E-2D8A-8B67-6125-2738ECEB2570</keyObject>
<referredKeyID>83B13E9E-2D8A-8B67-6125-2738ECEB2570</referredKeyID>
<mandatory>true</mandatory>
<transferable>true</transferable>
<rely>false</rely>
<columnDependencyConstraintGenerateInDDL>true</columnDependencyConstraintGenerateInDDL>
</FKIndexAssociation>