<?xml version = '1.0' encoding = 'UTF-8'?>
<FKIndexAssociation class="oracle.dbtools.crest.model.design.relational.FKIndexAssociation" directorySegmentName="seg_0" id="71A85097-BB55-AE20-31AD-F76A38F28A5C" containerWithKeyObject="C8CC3582-DC75-7D77-90C2-ABDD1BE531CD" localFKIndex="33AFD484-79CD-A92C-31C6-9D1A5C643B71" name="not_fk_for">
<sourceDDLFile>tabelas.plb</sourceDDLFile>
<createdBy>thiago-notebook</createdBy>
<createdTime>2019-03-08 20:21:04 UTC</createdTime>
<ownerDesignName>vendas</ownerDesignName>
<importedID>3C2E6652-7A35-3E2E-5A31-091BB88F55B6</importedID>
<deleteRule>NO ACTION</deleteRule>
<referredTableID>787C90B7-D2AB-59E0-899D-25C8527135E9</referredTableID>
<keyObject>1E0B103F-EF6F-CA9C-D4F3-6849B2F46ADE</keyObject>
<referredKeyID>1E0B103F-EF6F-CA9C-D4F3-6849B2F46ADE</referredKeyID>
<mandatory>true</mandatory>
<transferable>true</transferable>
<rely>false</rely>
<columnDependencyConstraintGenerateInDDL>true</columnDependencyConstraintGenerateInDDL>
</FKIndexAssociation>