<?xml version = '1.0' encoding = 'UTF-8'?>
<FKIndexAssociation class="oracle.dbtools.crest.model.design.relational.FKIndexAssociation" directorySegmentName="seg_0" id="7A0F5C64-B23D-44C3-AA34-95DB23253D2D" containerWithKeyObject="A11A0EDB-0F17-5DB4-0105-0A1FF94E7207" localFKIndex="3D54DC24-D70B-B9A6-09E9-6B649C4DDEB5" name="itp_fk_ped">
<sourceDDLFile>tabelas.plb</sourceDDLFile>
<createdBy>thiago-notebook</createdBy>
<createdTime>2019-03-08 20:21:04 UTC</createdTime>
<ownerDesignName>vendas</ownerDesignName>
<importedID>257D76D0-0AA5-CC90-5D64-A596773AD950</importedID>
<deleteRule>NO ACTION</deleteRule>
<referredTableID>D7555BA3-C415-9154-9D92-D697DCCEF34A</referredTableID>
<keyObject>F0ADD3A6-9A95-3BA3-ECB7-60D9549881C9</keyObject>
<referredKeyID>F0ADD3A6-9A95-3BA3-ECB7-60D9549881C9</referredKeyID>
<mandatory>true</mandatory>
<transferable>true</transferable>
<rely>false</rely>
<columnDependencyConstraintGenerateInDDL>true</columnDependencyConstraintGenerateInDDL>
</FKIndexAssociation>