<?xml version = '1.0' encoding = 'UTF-8'?>
<FKIndexAssociation class="oracle.dbtools.crest.model.design.relational.FKIndexAssociation" directorySegmentName="seg_0" id="D0682998-80ED-0D67-39B7-C5ABACA91F36" containerWithKeyObject="2FF63D4F-8930-6460-9691-A81186608831" localFKIndex="5F7DAECA-50B6-9971-68DE-6079744062EE" name="par_fk_ped">
<sourceDDLFile>tabelas.plb</sourceDDLFile>
<createdBy>thiago-notebook</createdBy>
<createdTime>2019-03-08 20:21:04 UTC</createdTime>
<ownerDesignName>vendas</ownerDesignName>
<importedID>156B2F9B-B49A-9585-4A58-FAEBF87B8814</importedID>
<deleteRule>NO ACTION</deleteRule>
<referredTableID>D7555BA3-C415-9154-9D92-D697DCCEF34A</referredTableID>
<keyObject>F0ADD3A6-9A95-3BA3-ECB7-60D9549881C9</keyObject>
<referredKeyID>F0ADD3A6-9A95-3BA3-ECB7-60D9549881C9</referredKeyID>
<mandatory>true</mandatory>
<transferable>true</transferable>
<rely>false</rely>
<columnDependencyConstraintGenerateInDDL>true</columnDependencyConstraintGenerateInDDL>
</FKIndexAssociation>