<?xml version = '1.0' encoding = 'UTF-8'?>
<Table class="oracle.dbtools.crest.model.design.relational.Table" directorySegmentName="seg_0" id="E228B563-083F-7DDC-7F0F-09162EB12253" name="DM_TIPOS_VENDAS">
<createdBy>thiago-notebook</createdBy>
<createdTime>2019-03-08 20:32:57 UTC</createdTime>
<ownerDesignName>vendas</ownerDesignName>
<ordsAlias>table_12</ordsAlias>
<allowColumnReorder>false</allowColumnReorder>
<existDependencyGenerateInDDl>true</existDependencyGenerateInDDl>
<parsed>true</parsed>
<columns itemClass="oracle.dbtools.crest.model.design.relational.Column">
<Column name="ID_TIPO_VENDA" id="E433D4F4-5E0E-141C-2883-D3E352A2B9A3">
<createdBy>thiago-notebook</createdBy>
<createdTime>2019-03-08 20:33:31 UTC</createdTime>
<ownerDesignName>vendas</ownerDesignName>
<useDomainConstraints>false</useDomainConstraints>
<use>1</use>
<logicalDatatype>LOGDT019</logicalDatatype>
<dataTypePrecision>3</dataTypePrecision>
<ownDataTypeParameters>,3,</ownDataTypeParameters>
<autoIncrementCycle>false</autoIncrementCycle>
</Column>
<Column name="DESC_TIPO_VENDA" id="3FB86401-525B-844B-6722-0BEBF8AD59CC">
<createdBy>thiago-notebook</createdBy>
<createdTime>2019-03-08 20:33:31 UTC</createdTime>
<ownerDesignName>vendas</ownerDesignName>
<useDomainConstraints>false</useDomainConstraints>
<use>1</use>
<logicalDatatype>LOGDT024</logicalDatatype>
<ownDataTypeParameters>,,</ownDataTypeParameters>
<autoIncrementCycle>false</autoIncrementCycle>
</Column>
</columns>
<indexes itemClass="oracle.dbtools.crest.model.design.relational.Index">
<ind_PK_UK id="6685C96F-F062-8E23-26FF-FB5743BAE626" name="DM_TIPOS_VENDAS_PK">
<createdBy>thiago-notebook</createdBy>
<createdTime>2019-03-08 20:33:47 UTC</createdTime>
<ownerDesignName>vendas</ownerDesignName>
<pk>true</pk>
<indexState>Primary Constraint</indexState>
<isSurrogateKey>false</isSurrogateKey>
<indexColumnUsage>
<colUsage columnID="E433D4F4-5E0E-141C-2883-D3E352A2B9A3"/>
</indexColumnUsage>
</ind_PK_UK>
</indexes>
</Table>