<?xml version = '1.0' encoding = 'UTF-8'?>
<Table class="oracle.dbtools.crest.model.design.relational.Table" directorySegmentName="seg_0" id="1BC65022-8F22-E280-9006-18ABAC0CCEE1" name="DM_TEMPO_SERVICO">
<createdBy>thiago-notebook</createdBy>
<createdTime>2019-03-01 23:11:39 UTC</createdTime>
<ownerDesignName>folha_rh</ownerDesignName>
<ordsAlias>table_9</ordsAlias>
<allowColumnReorder>false</allowColumnReorder>
<existDependencyGenerateInDDl>true</existDependencyGenerateInDDl>
<parsed>true</parsed>
<columns itemClass="oracle.dbtools.crest.model.design.relational.Column">
<Column name="ID_TEMP_SERV" id="A8ADD8C2-01AC-FD77-4F1A-406E59C7EDE1">
<createdBy>thiago-notebook</createdBy>
<createdTime>2019-03-01 23:12:28 UTC</createdTime>
<ownerDesignName>folha_rh</ownerDesignName>
<useDomainConstraints>false</useDomainConstraints>
<use>1</use>
<logicalDatatype>LOGDT019</logicalDatatype>
<dataTypePrecision>5</dataTypePrecision>
<ownDataTypeParameters>,5,</ownDataTypeParameters>
<autoIncrementCycle>false</autoIncrementCycle>
</Column>
<Column name="DSC_TEMP_SERV" id="B5E2170F-B6B6-2A20-3292-96F58A3BFB1A">
<createdBy>thiago-notebook</createdBy>
<createdTime>2019-03-01 23:12:28 UTC</createdTime>
<ownerDesignName>folha_rh</ownerDesignName>
<useDomainConstraints>false</useDomainConstraints>
<use>1</use>
<logicalDatatype>LOGDT024</logicalDatatype>
<dataTypeSize>100</dataTypeSize>
<ownDataTypeParameters>100,,</ownDataTypeParameters>
<autoIncrementCycle>false</autoIncrementCycle>
</Column>
</columns>
<indexes itemClass="oracle.dbtools.crest.model.design.relational.Index">
<ind_PK_UK id="CC21EF21-82A1-8855-B17E-A2901FB6DE90" name="DM_TEMPO_SERVICO_PK">
<createdBy>thiago-notebook</createdBy>
<createdTime>2019-03-01 23:12:28 UTC</createdTime>
<ownerDesignName>folha_rh</ownerDesignName>
<pk>true</pk>
<indexState>Primary Constraint</indexState>
<isSurrogateKey>false</isSurrogateKey>
<indexColumnUsage>
<colUsage columnID="A8ADD8C2-01AC-FD77-4F1A-406E59C7EDE1"/>
</indexColumnUsage>
</ind_PK_UK>
</indexes>
</Table>