<?xml version = '1.0' encoding = 'UTF-8'?>
<UserOraclev10g class="oracle.dbtools.crest.model.design.storage.oracle.v10g.UserOraclev10g" name="ABNEIDE" directorySegmentName="seg_0" id="6F280737-361A-FBCC-531E-F0B5AD368395">
<sourceConnName>tesunit</sourceConnName>
<sourceObjName>ABNEIDE</sourceObjName>
<createdBy>thiago_oliveira</createdBy>
<createdTime>2019-02-27 19:02:07 UTC</createdTime>
<generatorID>Gerado pelo usuário</generatorID>
<ownerDesignName>locadora</ownerDesignName>
<schemaObject>26310133-E2B7-DCAB-1D5B-49122448E654</schemaObject>
</UserOraclev10g>