<?xml version = '1.0' encoding = 'UTF-8'?>
<relationalModel class="oracle.dbtools.crest.model.design.relational.RelationalDesign" name="folha_rh_snowflake" id="D6F4B84A-C679-55AA-B6DE-AC081ECE3330" mainViewID="D47CA501-FBED-D3CE-F033-EAFFACCE2ED6">
<createdBy>thiago-notebook</createdBy>
<createdTime>2019-03-01 22:36:39 UTC</createdTime>
<ownerDesignName>folha_rh</ownerDesignName>
<shouldBeOpen>false</shouldBeOpen>
<selectedRDBMSSite>32076570-2523-435C-2E92-BF29817DFF70</selectedRDBMSSite>
</relationalModel>