<?xml version = '1.0' encoding = 'UTF-8'?>
<Diagram class="oracle.dbtools.crest.swingui.relational.DPVRelational" name="vendas_star" id="EE04F7E8-EC4A-D2E0-A8A7-B76B7E0D6A1F">
<createdBy>thiago-notebook</createdBy>
<modifiedBy>thiago-notebook</modifiedBy>
<createdTime>2019-03-01 22:34:58 UTC</createdTime>
<autoRoute>false</autoRoute>
<boxInbox>true</boxInbox>
<showLegend>false</showLegend>
<showLabels>false</showLabels>
<showRelAttributes>false</showRelAttributes>
<gridEnabled>false</gridEnabled>
<showGrid>false</showGrid>
<diagramColor>-1</diagramColor>
<display>false</display>
<notation>1</notation>
<objectViews>
<OView class="oracle.dbtools.crest.swingui.relational.TVTable" oid="044DDEAA-1EF5-0ADE-78EB-0005548102FD" otype="Table" vid="D59B1F44-C042-2C98-2F29-0B538E24CEA6">
<hideElementsInCurrentOnly>false</hideElementsInCurrentOnly>
<bounds x="723" y="141" width="216" height="454"/>
</OView>
<OView class="oracle.dbtools.crest.swingui.relational.TVTable" oid="3F77BD69-8D12-4EA2-EF8E-0F75E1F79EFF" otype="Table" vid="C5CB5A82-056A-3657-86E5-7183DFE39B5B">
<hideElementsInCurrentOnly>false</hideElementsInCurrentOnly>
<bounds x="1275" y="125" width="247" height="242"/>
</OView>
<OView class="oracle.dbtools.crest.swingui.relational.TVTable" oid="CB253017-74AB-8DBD-73B5-5B0AFA3C6A8E" otype="Table" vid="BDF400A9-53B6-E8D2-F3C6-E18B2A14E5E9">
<hideElementsInCurrentOnly>false</hideElementsInCurrentOnly>
<bounds x="997" y="224" width="240" height="236"/>
</OView>
<OView class="oracle.dbtools.crest.swingui.relational.TVTable" oid="E228B563-083F-7DDC-7F0F-09162EB12253" otype="Table" vid="1B1D2E77-1DB8-6EC8-68F6-2D1619160848">
<hideElementsInCurrentOnly>false</hideElementsInCurrentOnly>
<bounds x="1284" y="408" width="234" height="150"/>
</OView>
</objectViews>
<connectors>
<Connector class="oracle.dbtools.crest.swingui.relational.TVFKRelation" oid="544D281E-CC90-9CA3-A853-2772423BE18E" otype="FKIndexAssociation" vid_source="1B1D2E77-1DB8-6EC8-68F6-2D1619160848" vid_target="BDF400A9-53B6-E8D2-F3C6-E18B2A14E5E9">
<hideElementsInCurrentOnly>false</hideElementsInCurrentOnly>
<lineWidth>1</lineWidth>
<points>
<point x="1284" y="434"/>
<point x="1237" y="434"/>
</points>
</Connector>
<Connector class="oracle.dbtools.crest.swingui.relational.TVFKRelation" oid="C7CB7E1A-E6DA-168B-B19E-9317D80E881A" otype="FKIndexAssociation" vid_source="D59B1F44-C042-2C98-2F29-0B538E24CEA6" vid_target="BDF400A9-53B6-E8D2-F3C6-E18B2A14E5E9">
<hideElementsInCurrentOnly>false</hideElementsInCurrentOnly>
<lineWidth>1</lineWidth>
<points>
<point x="939" y="342"/>
<point x="997" y="342"/>
</points>
</Connector>
<Connector class="oracle.dbtools.crest.swingui.relational.TVFKRelation" oid="F66A56E8-4028-C808-6C4F-669CDD6F60E3" otype="FKIndexAssociation" vid_source="C5CB5A82-056A-3657-86E5-7183DFE39B5B" vid_target="BDF400A9-53B6-E8D2-F3C6-E18B2A14E5E9">
<hideElementsInCurrentOnly>false</hideElementsInCurrentOnly>
<lineWidth>1</lineWidth>
<points>
<point x="1275" y="295"/>
<point x="1237" y="295"/>
</points>
</Connector>
</connectors>
</Diagram>