<?xml version = '1.0' encoding = 'UTF-8'?>
<TableProxyOraclev11g class="oracle.dbtools.crest.model.design.storage.oracle.v11g.TableProxyOraclev11g" name="GRAVADORAS" directorySegmentName="seg_0" id="0C6AB1B2-3A18-B6C2-B1E8-7A2384F57C37">
<createdBy>thiago_oliveira</createdBy>
<createdTime>2019-02-27 19:02:08 UTC</createdTime>
<generatorID>Gerado pelo usuário</generatorID>
<ownerDesignName>locadora</ownerDesignName>
<schemaObject>26310133-E2B7-DCAB-1D5B-49122448E654</schemaObject>
<logging>YES</logging>
<partitionedRowMovement>DISABLE</partitionedRowMovement>
<segment>AB1105D3-5A70-0AD1-5289-B27505FDB58A</segment>
<tableSpace>F1E2FD2E-F5EC-6BA7-CEEC-5A1C67B389BC</tableSpace>
<temporaryChanged>false</temporaryChanged>
<accessDriverType>oracle_loader</accessDriverType>
<rejectLimit></rejectLimit>
<indexProxies>
<IndexProxy class="oracle.dbtools.crest.model.design.storage.oracle.v10g.IndexProxyOraclev10g" name="GRV_NOM_GRAV_I" id="3A713A82-7E9C-2D29-142D-1984CAD235C3">
<createdBy>thiago_oliveira</createdBy>
<createdTime>2019-02-27 19:02:09 UTC</createdTime>
<generatorID>Gerado pelo usuário</generatorID>
<ownerDesignName>locadora</ownerDesignName>
<schemaObject>26310133-E2B7-DCAB-1D5B-49122448E654</schemaObject>
<segment>805870F6-CD69-622C-08BE-4AD076FF260B</segment>
<tableSpace>F1E2FD2E-F5EC-6BA7-CEEC-5A1C67B389BC</tableSpace>
</IndexProxy>
<IndexProxy class="oracle.dbtools.crest.model.design.storage.oracle.v10g.IndexProxyOraclev10g" name="GRV_PK" id="BCB1CB5D-9AE6-7C9D-3CE6-583D2CA17D8F">
<createdBy>thiago_oliveira</createdBy>
<createdTime>2019-02-27 19:02:09 UTC</createdTime>
<generatorID>Gerado pelo usuário</generatorID>
<ownerDesignName>locadora</ownerDesignName>
<schemaObject>26310133-E2B7-DCAB-1D5B-49122448E654</schemaObject>
<segment>805870F6-CD69-622C-08BE-4AD076FF260B</segment>
<tableSpace>F1E2FD2E-F5EC-6BA7-CEEC-5A1C67B389BC</tableSpace>
</IndexProxy>
</indexProxies>
<columnProxies itemClass="oracle.dbtools.crest.model.design.storage.oracle.v12c.ColumnProxyOraclev12c">
<ColumnProxy name="NAC_BRAS" id="80D57086-00BF-D5A0-B416-4379F221F222">
<createdBy>thiago_oliveira</createdBy>
<createdTime>2019-02-27 19:02:09 UTC</createdTime>
<generatorID>Gerado pelo usuário</generatorID>
<ownerDesignName>locadora</ownerDesignName>
</ColumnProxy>
<ColumnProxy name="UF_GRAV" id="922C9A88-29A4-0F5B-138E-14294F4FDB9F">
<createdBy>thiago_oliveira</createdBy>
<createdTime>2019-02-27 19:02:09 UTC</createdTime>
<generatorID>Gerado pelo usuário</generatorID>
<ownerDesignName>locadora</ownerDesignName>
</ColumnProxy>
<ColumnProxy name="COD_GRAV" id="A737855E-77A6-EA59-1E97-D5D1452F8287">
<createdBy>thiago_oliveira</createdBy>
<createdTime>2019-02-27 19:02:09 UTC</createdTime>
<generatorID>Gerado pelo usuário</generatorID>
<ownerDesignName>locadora</ownerDesignName>
</ColumnProxy>
<ColumnProxy name="NOM_GRAV" id="E2C306A1-BEE3-2751-A0AB-31910B964F1A">
<createdBy>thiago_oliveira</createdBy>
<createdTime>2019-02-27 19:02:09 UTC</createdTime>
<generatorID>Gerado pelo usuário</generatorID>
<ownerDesignName>locadora</ownerDesignName>
</ColumnProxy>
</columnProxies>
<primaryKeys>
<PrimaryKey class="oracle.dbtools.crest.model.design.storage.oracle.v10g.PKProxyOraclev10g" name="GRV_PK" id="14950C0F-F88A-BF82-DE55-8E6A6E1B05F8">
<createdBy>thiago_oliveira</createdBy>
<createdTime>2019-02-27 19:02:09 UTC</createdTime>
<generatorID>Gerado pelo usuário</generatorID>
<ownerDesignName>locadora</ownerDesignName>
<segment>805870F6-CD69-622C-08BE-4AD076FF260B</segment>
<tableSpace>F1E2FD2E-F5EC-6BA7-CEEC-5A1C67B389BC</tableSpace>
<existingIndex>BCB1CB5D-9AE6-7C9D-3CE6-583D2CA17D8F</existingIndex>
<indexSegment>805870F6-CD69-622C-08BE-4AD076FF260B</indexSegment>
<indexSort>SORTED</indexSort>
<usingIndex>BY INDEX NAME</usingIndex>
</PrimaryKey>
</primaryKeys>
</TableProxyOraclev11g>