<?xml version = '1.0' encoding = 'UTF-8'?>
<TableProxyOraclev11g class="oracle.dbtools.crest.model.design.storage.oracle.v11g.TableProxyOraclev11g" name="ARTISTAS" directorySegmentName="seg_0" id="2983FD63-CA23-881F-E9B9-2276DCBE6704">
<createdBy>thiago_oliveira</createdBy>
<createdTime>2019-02-27 19:02:08 UTC</createdTime>
<generatorID>Gerado pelo usuário</generatorID>
<ownerDesignName>locadora</ownerDesignName>
<schemaObject>26310133-E2B7-DCAB-1D5B-49122448E654</schemaObject>
<logging>YES</logging>
<partitionedRowMovement>DISABLE</partitionedRowMovement>
<segment>AB1105D3-5A70-0AD1-5289-B27505FDB58A</segment>
<tableSpace>F1E2FD2E-F5EC-6BA7-CEEC-5A1C67B389BC</tableSpace>
<temporaryChanged>false</temporaryChanged>
<accessDriverType>oracle_loader</accessDriverType>
<rejectLimit></rejectLimit>
<indexProxies>
<IndexProxy class="oracle.dbtools.crest.model.design.storage.oracle.v10g.IndexProxyOraclev10g" name="ART_FK_GRV_I" id="18886D5E-9B99-E4DA-CCF6-70F7E3FD6BD3">
<createdBy>thiago_oliveira</createdBy>
<createdTime>2019-02-27 19:02:09 UTC</createdTime>
<generatorID>Gerado pelo usuário</generatorID>
<ownerDesignName>locadora</ownerDesignName>
<schemaObject>26310133-E2B7-DCAB-1D5B-49122448E654</schemaObject>
<segment>805870F6-CD69-622C-08BE-4AD076FF260B</segment>
<tableSpace>F1E2FD2E-F5EC-6BA7-CEEC-5A1C67B389BC</tableSpace>
</IndexProxy>
<IndexProxy class="oracle.dbtools.crest.model.design.storage.oracle.v10g.IndexProxyOraclev10g" name="ART_PK" id="2F2E55B4-D1BC-3D9B-C9BF-E5DEE4951F10">
<createdBy>thiago_oliveira</createdBy>
<createdTime>2019-02-27 19:02:09 UTC</createdTime>
<generatorID>Gerado pelo usuário</generatorID>
<ownerDesignName>locadora</ownerDesignName>
<schemaObject>26310133-E2B7-DCAB-1D5B-49122448E654</schemaObject>
<segment>805870F6-CD69-622C-08BE-4AD076FF260B</segment>
<tableSpace>F1E2FD2E-F5EC-6BA7-CEEC-5A1C67B389BC</tableSpace>
</IndexProxy>
<IndexProxy class="oracle.dbtools.crest.model.design.storage.oracle.v10g.IndexProxyOraclev10g" name="ART_NOM_ART_I" id="9E9F3BE0-1D35-81DB-E2F5-5F1AE3EC2685">
<createdBy>thiago_oliveira</createdBy>
<createdTime>2019-02-27 19:02:09 UTC</createdTime>
<generatorID>Gerado pelo usuário</generatorID>
<ownerDesignName>locadora</ownerDesignName>
<schemaObject>26310133-E2B7-DCAB-1D5B-49122448E654</schemaObject>
<segment>805870F6-CD69-622C-08BE-4AD076FF260B</segment>
<tableSpace>F1E2FD2E-F5EC-6BA7-CEEC-5A1C67B389BC</tableSpace>
</IndexProxy>
</indexProxies>
<columnProxies itemClass="oracle.dbtools.crest.model.design.storage.oracle.v12c.ColumnProxyOraclev12c">
<ColumnProxy name="QTD_TIT" id="46471F63-7602-A639-1F1D-E8C6A538762A">
<createdBy>thiago_oliveira</createdBy>
<createdTime>2019-02-27 19:02:08 UTC</createdTime>
<generatorID>Gerado pelo usuário</generatorID>
<ownerDesignName>locadora</ownerDesignName>
</ColumnProxy>
<ColumnProxy name="MED_ANUAL" id="76D76E22-9CA9-6D7B-28C5-B718BD95C733">
<createdBy>thiago_oliveira</createdBy>
<createdTime>2019-02-27 19:02:08 UTC</createdTime>
<generatorID>Gerado pelo usuário</generatorID>
<ownerDesignName>locadora</ownerDesignName>
</ColumnProxy>
<ColumnProxy name="NAC_BRAS" id="77C6456F-FC5E-6CF4-54C5-2DBDB0BDD7A4">
<createdBy>thiago_oliveira</createdBy>
<createdTime>2019-02-27 19:02:08 UTC</createdTime>
<generatorID>Gerado pelo usuário</generatorID>
<ownerDesignName>locadora</ownerDesignName>
</ColumnProxy>
<ColumnProxy name="NOM_ART" id="8A71CC3D-B1BD-7763-4A10-9AE3F0F81818">
<createdBy>thiago_oliveira</createdBy>
<createdTime>2019-02-27 19:02:08 UTC</createdTime>
<generatorID>Gerado pelo usuário</generatorID>
<ownerDesignName>locadora</ownerDesignName>
</ColumnProxy>
<ColumnProxy name="COD_ART" id="CC9D649F-598C-FE31-E7D4-CB7BCCA073A1">
<createdBy>thiago_oliveira</createdBy>
<createdTime>2019-02-27 19:02:08 UTC</createdTime>
<generatorID>Gerado pelo usuário</generatorID>
<ownerDesignName>locadora</ownerDesignName>
</ColumnProxy>
<ColumnProxy name="TPO_ART" id="D0315FDB-4FAA-FBA6-AB1A-5CCB48833630">
<createdBy>thiago_oliveira</createdBy>
<createdTime>2019-02-27 19:02:08 UTC</createdTime>
<generatorID>Gerado pelo usuário</generatorID>
<ownerDesignName>locadora</ownerDesignName>
</ColumnProxy>
<ColumnProxy name="COD_GRAV" id="F5005895-C0EE-678D-0CC3-381F64450C2B">
<createdBy>thiago_oliveira</createdBy>
<createdTime>2019-02-27 19:02:08 UTC</createdTime>
<generatorID>Gerado pelo usuário</generatorID>
<ownerDesignName>locadora</ownerDesignName>
</ColumnProxy>
</columnProxies>
<foreignKeys>
<ForeignKey class="oracle.dbtools.crest.model.design.storage.oracle.v10g.FKProxyOraclev10g" name="ART_FK_GRV" id="F371A47C-E250-EF4E-350F-F2AF8073918E">
<createdBy>thiago_oliveira</createdBy>
<createdTime>2019-02-27 19:02:11 UTC</createdTime>
<generatorID>Gerado pelo usuário</generatorID>
<ownerDesignName>locadora</ownerDesignName>
</ForeignKey>
</foreignKeys>
<primaryKeys>
<PrimaryKey class="oracle.dbtools.crest.model.design.storage.oracle.v10g.PKProxyOraclev10g" name="ART_PK" id="058A958C-AC2E-D91D-1304-076E948A6768">
<createdBy>thiago_oliveira</createdBy>
<createdTime>2019-02-27 19:02:09 UTC</createdTime>
<generatorID>Gerado pelo usuário</generatorID>
<ownerDesignName>locadora</ownerDesignName>
<segment>805870F6-CD69-622C-08BE-4AD076FF260B</segment>
<tableSpace>F1E2FD2E-F5EC-6BA7-CEEC-5A1C67B389BC</tableSpace>
<existingIndex>2F2E55B4-D1BC-3D9B-C9BF-E5DEE4951F10</existingIndex>
<indexSegment>805870F6-CD69-622C-08BE-4AD076FF260B</indexSegment>
<indexSort>SORTED</indexSort>
<usingIndex>BY INDEX NAME</usingIndex>
</PrimaryKey>
</primaryKeys>
</TableProxyOraclev11g>