<?xml version = '1.0' encoding = 'UTF-8'?>
<TableProxyOraclev11g class="oracle.dbtools.crest.model.design.storage.oracle.v11g.TableProxyOraclev11g" name="SOCIOS" directorySegmentName="seg_0" id="B64F5385-18B3-C59C-DDA7-6191050C5709">
<createdBy>thiago_oliveira</createdBy>
<createdTime>2019-02-27 19:02:08 UTC</createdTime>
<generatorID>Gerado pelo usuário</generatorID>
<ownerDesignName>locadora</ownerDesignName>
<schemaObject>26310133-E2B7-DCAB-1D5B-49122448E654</schemaObject>
<logging>YES</logging>
<partitionedRowMovement>DISABLE</partitionedRowMovement>
<segment>AB1105D3-5A70-0AD1-5289-B27505FDB58A</segment>
<tableSpace>F1E2FD2E-F5EC-6BA7-CEEC-5A1C67B389BC</tableSpace>
<temporaryChanged>false</temporaryChanged>
<accessDriverType>oracle_loader</accessDriverType>
<rejectLimit></rejectLimit>
<indexProxies>
<IndexProxy class="oracle.dbtools.crest.model.design.storage.oracle.v10g.IndexProxyOraclev10g" name="SOC_NOM_SOC_I" id="250E532D-9B3F-F8FE-4A0E-AA2089F5691D">
<createdBy>thiago_oliveira</createdBy>
<createdTime>2019-02-27 19:02:09 UTC</createdTime>
<generatorID>Gerado pelo usuário</generatorID>
<ownerDesignName>locadora</ownerDesignName>
<schemaObject>26310133-E2B7-DCAB-1D5B-49122448E654</schemaObject>
<segment>805870F6-CD69-622C-08BE-4AD076FF260B</segment>
<tableSpace>F1E2FD2E-F5EC-6BA7-CEEC-5A1C67B389BC</tableSpace>
</IndexProxy>
<IndexProxy class="oracle.dbtools.crest.model.design.storage.oracle.v10g.IndexProxyOraclev10g" name="SOC_PK" id="99C9FF95-0D6D-58CB-24A7-4A6A6C21F65E">
<createdBy>thiago_oliveira</createdBy>
<createdTime>2019-02-27 19:02:09 UTC</createdTime>
<generatorID>Gerado pelo usuário</generatorID>
<ownerDesignName>locadora</ownerDesignName>
<schemaObject>26310133-E2B7-DCAB-1D5B-49122448E654</schemaObject>
<segment>805870F6-CD69-622C-08BE-4AD076FF260B</segment>
<tableSpace>F1E2FD2E-F5EC-6BA7-CEEC-5A1C67B389BC</tableSpace>
</IndexProxy>
<IndexProxy class="oracle.dbtools.crest.model.design.storage.oracle.v10g.IndexProxyOraclev10g" name="SOC_FK_TPS_I" id="C767F27E-AC22-DAAE-8030-B7EDAE691BC8">
<createdBy>thiago_oliveira</createdBy>
<createdTime>2019-02-27 19:02:09 UTC</createdTime>
<generatorID>Gerado pelo usuário</generatorID>
<ownerDesignName>locadora</ownerDesignName>
<schemaObject>26310133-E2B7-DCAB-1D5B-49122448E654</schemaObject>
<segment>805870F6-CD69-622C-08BE-4AD076FF260B</segment>
<tableSpace>F1E2FD2E-F5EC-6BA7-CEEC-5A1C67B389BC</tableSpace>
</IndexProxy>
</indexProxies>
<columnProxies itemClass="oracle.dbtools.crest.model.design.storage.oracle.v12c.ColumnProxyOraclev12c">
<ColumnProxy name="NOM_SOC" id="096A9446-88B4-182D-F3D3-6AC8FE2752FB">
<createdBy>thiago_oliveira</createdBy>
<createdTime>2019-02-27 19:02:09 UTC</createdTime>
<generatorID>Gerado pelo usuário</generatorID>
<ownerDesignName>locadora</ownerDesignName>
</ColumnProxy>
<ColumnProxy name="STA_SOC" id="64A8D415-3D26-846A-CBF0-770B3F2E5C9A">
<createdBy>thiago_oliveira</createdBy>
<createdTime>2019-02-27 19:02:09 UTC</createdTime>
<generatorID>Gerado pelo usuário</generatorID>
<ownerDesignName>locadora</ownerDesignName>
</ColumnProxy>
<ColumnProxy name="COD_SOC" id="901820E1-EC29-91E0-73A2-75B9BE17A877">
<createdBy>thiago_oliveira</createdBy>
<createdTime>2019-02-27 19:02:09 UTC</createdTime>
<generatorID>Gerado pelo usuário</generatorID>
<ownerDesignName>locadora</ownerDesignName>
</ColumnProxy>
<ColumnProxy name="COD_TPS" id="B31A3CF3-B849-611B-C26B-1252A6DD668B">
<createdBy>thiago_oliveira</createdBy>
<createdTime>2019-02-27 19:02:09 UTC</createdTime>
<generatorID>Gerado pelo usuário</generatorID>
<ownerDesignName>locadora</ownerDesignName>
</ColumnProxy>
<ColumnProxy name="DAT_CAD" id="F9B5594C-A9BC-025C-BA68-BC2C8A96517A">
<createdBy>thiago_oliveira</createdBy>
<createdTime>2019-02-27 19:02:09 UTC</createdTime>
<generatorID>Gerado pelo usuário</generatorID>
<ownerDesignName>locadora</ownerDesignName>
</ColumnProxy>
</columnProxies>
<foreignKeys>
<ForeignKey class="oracle.dbtools.crest.model.design.storage.oracle.v10g.FKProxyOraclev10g" name="SOC_FK_TPS" id="7A7B981C-6F6F-4837-A20F-CCFB6CCD64C0">
<createdBy>thiago_oliveira</createdBy>
<createdTime>2019-02-27 19:02:11 UTC</createdTime>
<generatorID>Gerado pelo usuário</generatorID>
<ownerDesignName>locadora</ownerDesignName>
</ForeignKey>
</foreignKeys>
<primaryKeys>
<PrimaryKey class="oracle.dbtools.crest.model.design.storage.oracle.v10g.PKProxyOraclev10g" name="SOC_PK" id="B9447DF4-16DC-FD6E-AD8B-346EDB70F101">
<createdBy>thiago_oliveira</createdBy>
<createdTime>2019-02-27 19:02:09 UTC</createdTime>
<generatorID>Gerado pelo usuário</generatorID>
<ownerDesignName>locadora</ownerDesignName>
<segment>805870F6-CD69-622C-08BE-4AD076FF260B</segment>
<tableSpace>F1E2FD2E-F5EC-6BA7-CEEC-5A1C67B389BC</tableSpace>
<existingIndex>99C9FF95-0D6D-58CB-24A7-4A6A6C21F65E</existingIndex>
<indexSegment>805870F6-CD69-622C-08BE-4AD076FF260B</indexSegment>
<indexSort>SORTED</indexSort>
<usingIndex>BY INDEX NAME</usingIndex>
</PrimaryKey>
</primaryKeys>
</TableProxyOraclev11g>