<?xml version = '1.0' encoding = 'UTF-8'?>
<StorageDesignOraclev11g class="oracle.dbtools.crest.model.design.storage.oracle.v11g.StorageDesignOraclev11g" name="Oracle Database 11g" id="6AD62A49-A49C-D6BA-C862-125D7432590C" siteID="32076570-2523-435C-2E92-BF29817DFF70" siteName="Oracle Database 11g" siteType="9">
<createdBy>thiago_oliveira</createdBy>
<createdTime>2019-02-27 19:02:07 UTC</createdTime>
<generatorID>Gerado pelo usuário</generatorID>
<ownerDesignName>locadora</ownerDesignName>
</StorageDesignOraclev11g>