<?xml version = '1.0' encoding = 'UTF-8'?>
<relationalModel class="oracle.dbtools.crest.model.design.relational.RelationalDesign" name="locadora_dimensional_estrela" id="979CE68B-6F26-A875-F4D8-0D9C095A1D18" mainViewID="0CC3BA2C-A53E-7C25-9CE3-3DD561310E8C">
<createdBy>thiago_oliveira</createdBy>
<createdTime>2019-02-27 19:08:35 UTC</createdTime>
<generatorID>Gerado pelo usuário</generatorID>
<ownerDesignName>locadora</ownerDesignName>
<shouldBeOpen>true</shouldBeOpen>
<selectedRDBMSSite>32076570-2523-435C-2E92-BF29817DFF70</selectedRDBMSSite>
<importConnectionStamps>
<importConnectionStamp class="oracle.dbtools.crest.imports.DBConnectionStamp">
<connName>tesunit</connName>
<connUrl>jdbc:oracle:thin:@srvoradev03:1521:tesunit</connUrl>
<connUser>abneide</connUser>
<connType>1</connType>
</importConnectionStamp>
</importConnectionStamps>
</relationalModel>