<?xml version = '1.0' encoding = 'UTF-8'?>
<relationalModel class="oracle.dbtools.crest.model.design.relational.RelationalDesign" name="locadora_operacional" id="99D61B7B-7400-E7AC-158B-9ED84C2E4E69" mainViewID="4CA693DA-F6B2-638A-D94C-4266CC1F0A60">
<createdBy>thiago_oliveira</createdBy>
<createdTime>2019-02-27 19:02:07 UTC</createdTime>
<generatorID>Gerado pelo usuário</generatorID>
<ownerDesignName>locadora</ownerDesignName>
<shouldBeOpen>false</shouldBeOpen>
<selectedRDBMSSite>32076570-2523-435C-2E92-BF29817DFF70</selectedRDBMSSite>
<importConnectionStamps>
<importConnectionStamp class="oracle.dbtools.crest.imports.DBConnectionStamp">
<connName>tesunit</connName>
<connUrl>jdbc:oracle:thin:@srvoradev03:1521:tesunit</connUrl>
<connUser>abneide</connUser>
<connType>1</connType>
</importConnectionStamp>
</importConnectionStamps>
</relationalModel>