<?xml version = '1.0' encoding = 'UTF-8'?>
<TableProxyOraclev11g class="oracle.dbtools.crest.model.design.storage.oracle.v11g.TableProxyOraclev11g" name="itens_de_nota" directorySegmentName="seg_0" id="A0140E70-8606-EB71-E2B8-75AABDCF0E6F">
<createdBy>thiago-notebook</createdBy>
<createdTime>2019-03-08 20:21:04 UTC</createdTime>
<ownerDesignName>vendas</ownerDesignName>
<partitionedRowMovement>DISABLE</partitionedRowMovement>
<temporaryChanged>false</temporaryChanged>
<accessDriverType>oracle_loader</accessDriverType>
<rejectLimit></rejectLimit>
<columnProxies itemClass="oracle.dbtools.crest.model.design.storage.oracle.v12c.ColumnProxyOraclev12c">
<ColumnProxy name="cod_prod" id="1D7257C3-3A8D-D15A-4AF3-BDD52220943F">
<createdBy>thiago-notebook</createdBy>
<createdTime>2019-03-08 20:21:04 UTC</createdTime>
<ownerDesignName>vendas</ownerDesignName>
</ColumnProxy>
<ColumnProxy name="num_nota" id="662B4D51-F135-F96E-0555-B952484EC508">
<createdBy>thiago-notebook</createdBy>
<createdTime>2019-03-08 20:21:04 UTC</createdTime>
<ownerDesignName>vendas</ownerDesignName>
</ColumnProxy>
<ColumnProxy name="preco_pro" id="82EF93D8-3009-3883-0AA7-B6B36E246041">
<createdBy>thiago-notebook</createdBy>
<createdTime>2019-03-08 20:21:04 UTC</createdTime>
<ownerDesignName>vendas</ownerDesignName>
</ColumnProxy>
<ColumnProxy name="qtd_ped" id="D980203E-1933-44EE-04AA-21792DFC200F">
<createdBy>thiago-notebook</createdBy>
<createdTime>2019-03-08 20:21:04 UTC</createdTime>
<ownerDesignName>vendas</ownerDesignName>
</ColumnProxy>
</columnProxies>
<indexProxies>
<IndexProxy class="oracle.dbtools.crest.model.design.storage.oracle.v10g.IndexProxyOraclev10g" name="itn_idx_num_nota" id="20C4BE76-9963-DEF7-6C86-929649E8BADE">
<createdBy>thiago-notebook</createdBy>
<createdTime>2019-03-08 20:21:04 UTC</createdTime>
<ownerDesignName>vendas</ownerDesignName>
<logging></logging>
</IndexProxy>
<IndexProxy class="oracle.dbtools.crest.model.design.storage.oracle.v10g.IndexProxyOraclev10g" name="itn_idx_cod_prod" id="6A1E2537-3369-DFDE-487C-E96560D92160">
<createdBy>thiago-notebook</createdBy>
<createdTime>2019-03-08 20:21:04 UTC</createdTime>
<ownerDesignName>vendas</ownerDesignName>
<logging></logging>
</IndexProxy>
</indexProxies>
<foreignKeys>
<ForeignKey class="oracle.dbtools.crest.model.design.storage.oracle.v10g.FKProxyOraclev10g" name="itn_fk_pro" id="07E8B5BA-2F4D-94A4-688B-4EF8D3E5F22E">
<createdBy>thiago-notebook</createdBy>
<createdTime>2019-03-08 20:21:04 UTC</createdTime>
<ownerDesignName>vendas</ownerDesignName>
</ForeignKey>
<ForeignKey class="oracle.dbtools.crest.model.design.storage.oracle.v10g.FKProxyOraclev10g" name="itn_fk_not" id="2574685D-0C30-F8A6-1045-E95C8D4CCCF8">
<createdBy>thiago-notebook</createdBy>
<createdTime>2019-03-08 20:21:04 UTC</createdTime>
<ownerDesignName>vendas</ownerDesignName>
</ForeignKey>
</foreignKeys>
<primaryKeys>
<PrimaryKey class="oracle.dbtools.crest.model.design.storage.oracle.v10g.PKProxyOraclev10g" name="itn_pk" id="608C0E43-1964-F6B5-6582-8A391D0AE6A6">
<createdBy>thiago-notebook</createdBy>
<createdTime>2019-03-08 20:21:04 UTC</createdTime>
<ownerDesignName>vendas</ownerDesignName>
<indexSort>SORTED</indexSort>
</PrimaryKey>
</primaryKeys>
</TableProxyOraclev11g>