<?xml version = '1.0' encoding = 'UTF-8'?>
<TableProxyOraclev11g class="oracle.dbtools.crest.model.design.storage.oracle.v11g.TableProxyOraclev11g" name="pedidos" directorySegmentName="seg_0" id="D7555BA3-C415-9154-9D92-D697DCCEF34A">
<createdBy>thiago-notebook</createdBy>
<createdTime>2019-03-08 20:21:04 UTC</createdTime>
<ownerDesignName>vendas</ownerDesignName>
<partitionedRowMovement>DISABLE</partitionedRowMovement>
<temporaryChanged>false</temporaryChanged>
<accessDriverType>oracle_loader</accessDriverType>
<rejectLimit></rejectLimit>
<columnProxies itemClass="oracle.dbtools.crest.model.design.storage.oracle.v12c.ColumnProxyOraclev12c">
<ColumnProxy name="val_a_vista" id="05EE95BD-1687-A957-1B9F-B8EECC23450C">
<createdBy>thiago-notebook</createdBy>
<createdTime>2019-03-08 20:21:04 UTC</createdTime>
<ownerDesignName>vendas</ownerDesignName>
</ColumnProxy>
<ColumnProxy name="val_a_prazo" id="0C84C6D9-AB76-1E47-D359-89F9264E35C5">
<createdBy>thiago-notebook</createdBy>
<createdTime>2019-03-08 20:21:04 UTC</createdTime>
<ownerDesignName>vendas</ownerDesignName>
</ColumnProxy>
<ColumnProxy name="num_ped" id="11C6773A-1371-689E-D89B-181E342A88C8">
<createdBy>thiago-notebook</createdBy>
<createdTime>2019-03-08 20:21:04 UTC</createdTime>
<ownerDesignName>vendas</ownerDesignName>
</ColumnProxy>
<ColumnProxy name="cod_cli" id="577D2586-181C-39D1-0407-D4ADB7BC4273">
<createdBy>thiago-notebook</createdBy>
<createdTime>2019-03-08 20:21:04 UTC</createdTime>
<ownerDesignName>vendas</ownerDesignName>
</ColumnProxy>
<ColumnProxy name="dat_ped" id="7A641418-FF8A-0987-73EA-B976EF444FD8">
<createdBy>thiago-notebook</createdBy>
<createdTime>2019-03-08 20:21:04 UTC</createdTime>
<ownerDesignName>vendas</ownerDesignName>
</ColumnProxy>
<ColumnProxy name="val_ped" id="8E324F12-5D6E-0D42-1402-C8D5ADACC2E5">
<createdBy>thiago-notebook</createdBy>
<createdTime>2019-03-08 20:21:04 UTC</createdTime>
<ownerDesignName>vendas</ownerDesignName>
</ColumnProxy>
<ColumnProxy name="sld_devedor" id="DFC98984-33D4-B96F-4E6E-1C1624D97564">
<createdBy>thiago-notebook</createdBy>
<createdTime>2019-03-08 20:21:04 UTC</createdTime>
<ownerDesignName>vendas</ownerDesignName>
</ColumnProxy>
<ColumnProxy name="sta_pedido" id="E2114874-D5AF-6C6E-FDE4-0205E4726323">
<createdBy>thiago-notebook</createdBy>
<createdTime>2019-03-08 20:21:04 UTC</createdTime>
<ownerDesignName>vendas</ownerDesignName>
</ColumnProxy>
</columnProxies>
<indexProxies>
<IndexProxy class="oracle.dbtools.crest.model.design.storage.oracle.v10g.IndexProxyOraclev10g" name="ped_idx_cod_cli" id="DD3FB1F2-8F3B-FC56-B150-B67A273C1CCB">
<createdBy>thiago-notebook</createdBy>
<createdTime>2019-03-08 20:21:04 UTC</createdTime>
<ownerDesignName>vendas</ownerDesignName>
<logging></logging>
</IndexProxy>
</indexProxies>
<foreignKeys>
<ForeignKey class="oracle.dbtools.crest.model.design.storage.oracle.v10g.FKProxyOraclev10g" name="ped_fk_cli" id="6BF1EDAB-2107-5D7E-2CA4-903082126EEB">
<createdBy>thiago-notebook</createdBy>
<createdTime>2019-03-08 20:21:04 UTC</createdTime>
<ownerDesignName>vendas</ownerDesignName>
</ForeignKey>
</foreignKeys>
<primaryKeys>
<PrimaryKey class="oracle.dbtools.crest.model.design.storage.oracle.v10g.PKProxyOraclev10g" name="ped_pk" id="F0ADD3A6-9A95-3BA3-ECB7-60D9549881C9">
<createdBy>thiago-notebook</createdBy>
<createdTime>2019-03-08 20:21:04 UTC</createdTime>
<ownerDesignName>vendas</ownerDesignName>
<indexSort>SORTED</indexSort>
</PrimaryKey>
</primaryKeys>
<tableCheckConstraints itemClass="oracle.dbtools.crest.model.design.storage.oracle.TableCheckConstraintOracle">
<TableCheckConstraint name="ped_ck_valoressaldo" id="450B9D89-AC9B-E5A7-B7AC-AEAC209D5AE7">
<createdBy>thiago-notebook</createdBy>
<createdTime>2019-03-08 20:21:04 UTC</createdTime>
<ownerDesignName>vendas</ownerDesignName>
</TableCheckConstraint>
<TableCheckConstraint name="ped_ck_valoresparc" id="788C3982-0B5B-03A2-485F-93094566D871">
<createdBy>thiago-notebook</createdBy>
<createdTime>2019-03-08 20:21:04 UTC</createdTime>
<ownerDesignName>vendas</ownerDesignName>
</TableCheckConstraint>
</tableCheckConstraints>
</TableProxyOraclev11g>