<?xml version = '1.0' encoding = 'UTF-8'?>
<relationalModel class="oracle.dbtools.crest.model.design.relational.RelationalDesign" name="vendas_star" id="B761E979-7B18-588D-F6C6-3DAE346FEA34" mainViewID="EE04F7E8-EC4A-D2E0-A8A7-B76B7E0D6A1F">
<createdBy>thiago-notebook</createdBy>
<createdTime>2019-03-01 22:34:58 UTC</createdTime>
<ownerDesignName>folha_rh</ownerDesignName>
<shouldBeOpen>true</shouldBeOpen>
<selectedRDBMSSite>32076570-2523-435C-2E92-BF29817DFF70</selectedRDBMSSite>
<importDDLFileStamps>
<importDDLFileStamp class="oracle.dbtools.crest.imports.DDLFileStamp">
<fileName>tabelas.plb</fileName>
<pathName>C:\Users\thiago-notebook\Downloads\Controle de Vendas</pathName>
<dbType>9</dbType>
</importDDLFileStamp>
</importDDLFileStamps>
</relationalModel>